{
 "settings": {
  "number_of_shards": 1,
  "number_of_replicas": 0
 },
 "mappings": {
  "home": {
   "properties": {
    "address": {
     "properties": {
      "city": {
       "type": "keyword"
      },
      "postalCode": {
       "type": "keyword"
      },
      "street": {
       "type": "keyword"
      }
     }
    },
    "cars": {
     "type": "nested",
     "properties": {
      "color": {
       "type": "keyword"
      },
      "id": {
       "type": "keyword"
      },
      "make": {
       "type": "keyword"
      },
      "type": {
       "type": "keyword"
      },
      "options": {
       "type": "nested",
       "properties": {
        "name": {
         "type": "keyword"
        },
        "price": {
         "type": "float"
        }
       }
      }
     }
    },
    "cars_size": {
     "type": "long"
    },
    "family": {
     "type": "nested",
     "properties": {
      "age": {
       "type": "long"
      },
      "gender": {
       "type": "keyword"
      },
      "givenName": {
       "type": "keyword"
      },
      "id": {
       "type": "keyword"
      },
      "school": {
       "type": "keyword"
      },
      "surname": {
       "type": "keyword"
      }
     }
    },
    "family_size": {
     "type": "long"
    },
    "fence": {
     "type": "keyword"
    },
    "garage": {
     "type": "keyword"
    },
    "id": {
     "type": "keyword"
    },
    "name": {
     "type": "keyword"
    },
    "roofTypes": {
     "type": "keyword"
    },
    "rooms": {
     "type": "nested",
     "properties": {
      "closet": {
       "type": "keyword"
      },
      "counter": {
       "type": "keyword"
      },
      "type": {
       "type": "keyword"
      }
     }
    },
    "rooms_size": {
     "type": "long"
    },
    "siding": {
     "type": "keyword"
    },
    "type": {
     "type": "keyword"
    }
   }
  }
 }
}
