[
  {
    "_id": "0c53e210-5587-11e8-9eff-7955bfffea83",
    "_type": "search",
    "_source": {
      "title": "two level nested search",
      "description": "",
      "hits": 0,
      "columns": [
        "_source"
      ],
      "sort": [
        "_score",
        "desc"
      ],
      "version": 1,
      "kibanaSavedObjectMeta": {
        "searchSourceJSON": "{\"index\":\"f38212a0-5551-11e8-81f5-873713454ce3\",\"highlightAll\":true,\"version\":true,\"query\":{\"language\":\"lucene\",\"query\":{\"nested\":{\"path\":\"cars.options\",\"query\":{\"bool\":{\"filter\":{\"term\":{\"cars.options.name\":\"V6\"}}}}}}},\"filter\":[]}"
      }
    }
  }
]