{
  "settings": {
    "number_of_shards": 1,
    "number_of_replicas": 0
  },
  "mappings": {
    "deep": {
      "properties": {
        "name": {
          "type":"keyword"
        },
        "discoveryObjects": {
          "type": "nested",
          "properties": {
            "entries": {
              "properties": {
                "cidrBlock": {
                  "type": "text",
                  "fields": {
                    "keyword": {
                      "type": "keyword",
                      "ignore_above": 256
                    }
                  }
                },
                "egress": {
                  "type": "boolean"
                },
                "ipv6CidrBlock": {
                  "type": "text",
                  "fields": {
                    "keyword": {
                      "type": "keyword",
                      "ignore_above": 256
                    }
                  }
                },
                "portRange": {
                  "properties": {
                    "from": {
                      "type": "text"
                    },
                    "to": {
                      "type": "text"
                    }
                  }
                },
                "protocol": {
                  "type": "text",
                  "fields": {
                    "keyword": {
                      "type": "keyword",
                      "ignore_above": 256
                    }
                  }
                }
              }
            },
            "networkInterfaces": {
              "properties": {
                "association": {
                  "properties": {
                    "ipOwnerId": {
                      "type": "text",
                      "fields": {
                        "keyword": {
                          "type": "keyword",
                          "ignore_above": 256
                        }
                      }
                    },
                    "publicDnsName": {
                      "type": "text",
                      "fields": {
                        "keyword": {
                          "type": "keyword",
                          "ignore_above": 256
                        }
                      }
                    },
                    "publicIp": {
                      "type": "text",
                      "fields": {
                        "keyword": {
                          "type": "keyword",
                          "ignore_above": 256
                        }
                      }
                    }
                  }
                },
                "attachment": {
                  "properties": {
                    "attachTime": {
                      "type": "text"
                    },
                    "attachmentId": {
                      "type": "text",
                      "fields": {
                        "keyword": {
                          "type": "keyword",
                          "ignore_above": 256
                        }
                      }
                    },
                    "deleteOnTermination": {
                      "type": "boolean"
                    },
                    "deviceIndex": {
                      "type": "text"
                    },
                    "status": {
                      "type": "text",
                      "fields": {
                        "keyword": {
                          "type": "keyword",
                          "ignore_above": 256
                        }
                      }
                    }
                  }
                },
                "description": {
                  "type": "text",
                  "fields": {
                    "keyword": {
                      "type": "keyword",
                      "ignore_above": 256
                    }
                  }
                },
                "groups": {
                  "properties": {
                    "groupId": {
                      "type": "text",
                      "fields": {
                        "keyword": {
                          "type": "keyword",
                          "ignore_above": 256
                        }
                      }
                    },
                    "groupName": {
                      "type": "text",
                      "fields": {
                        "keyword": {
                          "type": "keyword",
                          "ignore_above": 256
                        }
                      }
                    }
                  }
                },
                "macAddress": {
                  "type": "text",
                  "fields": {
                    "keyword": {
                      "type": "keyword",
                      "ignore_above": 256
                    }
                  }
                },
                "networkInterfaceId": {
                  "type": "text",
                  "fields": {
                    "keyword": {
                      "type": "keyword",
                      "ignore_above": 256
                    }
                  }
                },
                "ownerId": {
                  "type": "text",
                  "fields": {
                    "keyword": {
                      "type": "keyword",
                      "ignore_above": 256
                    }
                  }
                },
                "privateDnsName": {
                  "type": "text",
                  "fields": {
                    "keyword": {
                      "type": "keyword",
                      "ignore_above": 256
                    }
                  }
                },
                "privateIpAddress": {
                  "type": "text",
                  "fields": {
                    "keyword": {
                      "type": "keyword",
                      "ignore_above": 256
                    }
                  }
                },
                "privateIpAddresses": {
                  "properties": {
                    "association": {
                      "properties": {
                        "ipOwnerId": {
                          "type": "text",
                          "fields": {
                            "keyword": {
                              "type": "keyword",
                              "ignore_above": 256
                            }
                          }
                        },
                        "publicDnsName": {
                          "type": "text",
                          "fields": {
                            "keyword": {
                              "type": "keyword",
                              "ignore_above": 256
                            }
                          }
                        },
                        "publicIp": {
                          "type": "text",
                          "fields": {
                            "keyword": {
                              "type": "keyword",
                              "ignore_above": 256
                            }
                          }
                        }
                      }
                    },
                    "primary": {
                      "type": "boolean"
                    },
                    "privateDnsName": {
                      "type": "text",
                      "fields": {
                        "keyword": {
                          "type": "keyword",
                          "ignore_above": 256
                        }
                      }
                    },
                    "privateIpAddress": {
                      "type": "text",
                      "fields": {
                        "keyword": {
                          "type": "keyword",
                          "ignore_above": 256
                        }
                      }
                    }
                  }
                },
                "sourceDestCheck": {
                  "type": "boolean"
                },
                "status": {
                  "type": "text",
                  "fields": {
                    "keyword": {
                      "type": "keyword",
                      "ignore_above": 256
                    }
                  }
                },
                "subnetId": {
                  "type": "text",
                  "fields": {
                    "keyword": {
                      "type": "keyword",
                      "ignore_above": 256
                    }
                  }
                },
                "vpcId": {
                  "type": "text",
                  "fields": {
                    "keyword": {
                      "type": "keyword",
                      "ignore_above": 256
                    }
                  }
                }
              }
            }
          }
        }
      }
    }
  }
}
