{
 "lex": {
   "rules": [
     ["\\s+",               "/* skip whitespace */"],
     ["(",                  "return 'OPAREN';"],
     [")",                  "return 'CPAREN';"],
     ["{",                  "return 'OCURLY';"],
     ["}",                  "return 'CCURLY';"],
     ["[",                  "return 'OBRACK';"],
     ["]",                  "return 'CBRACK';"],
     [",",                  "return 'COMMA';"],
     ["|",                  "return 'BAR';"],
     [".",                  "return 'DOT';"],
     ["=",                  "return 'EQ';"],
     ["~=",                  "return 'LIKE';"],
     [">",                  "return 'GT';"],
     ["<",                  "return 'LT';"],
     ["[\\-]{1}[0-9]+[yMwdhms]{1}",             "return 'NDTYPE';"],
     ["[+]{1}[0-9]+[yMwdhms]{1}",             "return 'PDTYPE';"],
     ["AND",                 "return 'AND';"],
     ["OR",                 "return 'OR';"],
     ["NOT",                  "return 'NOT';"],
     ["NULL",                "return 'NULL';"],
     ["now"	               "return 'now';"],
     ["ANY",                  "return 'ANY';"],
     ["*",                   "return 'ANY';"],
     ["IN",                  "return 'IN';"],
     ["EXISTS",                 "return 'EXISTS';"],
     ["('TRUE'|'true')",                  "return 'TRUE';"],
     ["('FALSE'|'false')",                  "return 'FALSE';"],
     ["(?:[0-9]{1,3}\\.){3}[0-9]{1,3}", "return 'IPV4';"],
     ["\\d{4}[-/\\s]?((((0[13578])|(1[02]))[-/\\s]?(([0-2][0-9])|(3[01])))|(((0[469])|(11))[-/\\s]?(([0-2][0-9])|(30)))|(02[-/\\s]?[0-2][0-9]))","return 'DATE';"],
     ["T[0-2][0-9]\\:[0-5][0-9]\\:[0-5][0-9](Z|\\.[0-9]{3}Z)","return 'TIME';"],
     ["[\\-]{0,1}[0-9]+",            "return 'NUMBER';"],
     ["[\\w]?\\\"(\\\.|[^\\\"])*\\",   "return 'STRING';"],
     ["[A-Za-z0-9_]+",                  "return 'FIELD';"],
     ["-",                   "return 'DASH';"],
     ["$",              "return 'EOF';"]
    ]
  },
  "operators": [
    ["right", "OR", "AND"],
    ["left", "EQ", "LIKE", "GT", "LT"],
    ["left", "NOTE", "EXISTS"]
  ],
  "bnf": {
    "expressions": [
      [
        "e EOF", "return new yy.Query($1);"
      ],
      [
        "ANY EOF", "return new yy.Query(new yy.MatchAll());"
      ]
    ],
    "booleanValue": [
      ["TRUE", "return true;"],
      ["FALSE", "return false"]
    ],
    "fieldPath": [
      ["FIELD", "yy.validateField($1); return $1;"],
      ["fieldPath DOT FIELD", "yy.validateField($1 + '.' + $3); return $1 + '.' + $3;"],
      ["fieldPath DOT", "yy.validateField($1 + '.'); return $1 + '.';"]
    ],
    "fieldPathPattern": [
      ["fieldPath DOT ANY", "return $1 + '.' + $3;"]
    ],
    "decimal": [
      ["NUMBER DOT NUMBER", "return parseFloat($1 + '.' + $3;"]
    ],
    "dateExp"
  }
}