{
  "agent": "\"Go-http-client/1.1\"",
  "message": "10.2.87.1 - - [29/Jan/2018:13:28:38 +0000] \"GET / HTTP/1.1\" 200 3925 \"-\" \"Go-http-client/1.1\" \"-\"",
  "source": "/var/log/nginx/access.log",
  "request": "/",
  "referrer": "\"-\"",
  "bytes": "3925",
  "beat": {
    "name": "collect-demo-console-ui-2579612654-25g97",
    "version": "5.6.4",
    "hostname": "collect-demo-console-ui-2579612654-25g97"
  },
  "auth": "-",
  "request_id": "REPLACE_ME",
  "verb": "GET",
  "host": "collect-demo-console-ui-2579612654-25g97",
  "fields": {
    "grp": "plat",
    "sys": "coll",
    "srv": "console-ui",
    "env": "demo"
  },
  "@version": "1",
  "timestamp": "29/Jan/2018:13:28:38 +0000",
  "offset": 2270268,
  "pipeline": "application_access",
  "fileset": {
    "name": "access",
    "module": "nginx"
  },
  "input_type": "log",
  "type": "log",
  "clientip": "10.2.87.1",
  "@timestamp": "2018-01-29T13:28:38.000Z",
  "tags": [
    "beats_input_codec_plain_applied"
  ],
  "httpversion": "1.1",
  "response": "200",
  "ident": "-"
}
